<!--
 Copyright 2002 Sun Microsystems, Inc. All rights reserved.
 SUN PROPRIETARY/CONFIDENTIAL. Use is subject to license terms.
-->

<project name="jaxmapp" default="main" basedir=".">
  <!--
  This buildfile is designed to minimize development
  time for developing applications using JAXM. It 
  creates the initial directory structure for 
  web apps. It also creates a war file which
  can be deployed in tomcat or any other container.

  You must customize this file or call it with 
    -Dname=value arguments 

  The following are the values to customize for each application:
  appname: the name of the application ("simple"). This defaults to 
           the project name if one has been set.

  Global properties that you must set (or that can be set in jaxm.properties):
    jaxm.home: location of jaxm
    servlet.jar: location of servlet.jar

  Other properties, with defaults:
    webapps.dir: directory where the application will be built. 
          Defaults to in-place (very useful if you create your application
          under webapps/).

    wars.dir: directory where the .war file will be constructed. 
            If this is not set, no .war file will be generated.

    compile.debug
    compile.deprecation
    compile.optimize: javac customization
  -->

  <property file="${user.home}/build.properties"/>   <!-- User local        -->
  <property file="${user.home}/.ant.properties"/>    <!-- User local        -->
  <property file="build.properties"/>                <!-- Component local   -->
  <property file="../../build.properties"/>          <!-- For all webapps -->
  <property file="../../../build.properties"/>             
 
  <property name="appname" value="${ant.project.name}"/>

  <property name="appdir" location=".."/>

  <property name="compile.debug" value="true" />
  <property name="compile.optimize" value="false" />
  <property name="compile.deprecation" value="false" />

  <!-- Classpath -->

  <!-- Files to be copied to jaxm.jar -->
  <fileset dir="${jaxm.home}/jaxm" id="jaxm-appclasspath">
    <include name="jaxm-client.jar" />
  </fileset>

  <!-- Main jaxm files -->
  <fileset id="jaxm-classpath" dir="${jaxm.home}/lib" >
    <include name="activation.jar" />
    <include name="mail.jar" />
    <include name="jaxm-api.jar" />
    <include name="dom4j.jar" />
    <include name="commons-logging.jar" />
    <include name="servlet.jar" />
    <include name="jaxp-api.jar" />
    <include name="sax.jar" />
    <include name="dom.jar" />
    <include name="xercesImpl.jar" />
    <include name="xalan.jar" />
    <include name="xsltc.jar" />
  </fileset>

  <!-- ==================== Init targets ==================== -->
  <target name="init" depends="checks,build.dir.webapps,build.dir.local"
	  description="Initialization and checkup" >
    <echo message="-------- Building ${appname} to ${build.dir} "/>
  </target>
  
  <target name="prepare.build" 
	  if="webapps.dir"
	  description="Preparing the webapp dir if not in-place" >
    <mkdir dir="${webapps.dir}/${appname}"/>
    <mkdir dir="${webapps.dir}/${appname}/WEB-INF"/>
    <mkdir dir="${webapps.dir}/${appname}/WEB-INF/lib"/>
    <mkdir dir="${webapps.dir}/${appname}/WEB-INF/src"/>
    <mkdir dir="${webapps.dir}/${appname}/WEB-INF/classes"/>
    <copy todir="${webapps.dir}/${appname}" >
      <fileset dir="${appdir}" />
    </copy>
  </target>

  <target name="prepare" depends="init,prepare.build">
    <mkdir dir="${build.dir}/${appname}/WEB-INF/lib"/>
    <mkdir dir="${build.dir}/${appname}/WEB-INF/classes"/>
    <copy todir="${build.dir}/${appname}/WEB-INF/lib" >
      <fileset refid="jaxm-appclasspath" />
    </copy>
    <mkdir dir="${appdir}/WEB-INF/lib"/>
  </target>
  
  <!-- ==================== Build ==================== -->

  <target name="main" depends="prepare,compile" />

  <target name="compile" if="src.available" >
    <javac srcdir="${appdir}/WEB-INF/src"
           destdir="${build.dir}/${appname}/WEB-INF/classes"
	   debug="${compile.debug}"
	   deprecation="${compile.deprecation}"
	   optimize="${compile.optimize}">
      <classpath >
	<fileset refid="jaxm-appclasspath" />
	<fileset refid="jaxm-classpath" />
	<pathelement location="${servlet.jar}" />
	<fileset id="app-classpath" dir="${appdir}/WEB-INF/lib">
	  <include name="*.jar" />
	</fileset>
      </classpath>
    </javac>

    <copy todir="${build.dir}/${appname}/WEB-INF/classes">
      <fileset dir="${appdir}/WEB-INF/src">
	<include name="**/*.properties" />
	<include name="**/*.dtd" />
	<include name="**/*.xml" />
      </fileset>
    </copy>
  </target>

  <!-- ==================== Cleanup & Packaging ==================== -->

  <target name="clean" depends="init">
    <delete dir="{build.dir}/${appname}/WEB-INF/classes"/>
  </target>

  <target name="war" 
	  depends="main" 
	  description="Creating the WAR file" 
	  if="wars.dir" >
    <mkdir dir="${wars.dir}" />
    <jar jarfile="${wars.dir}/${appname}.war"
	 basedir="${build.dir}/${appname}" >
      <include name="**"/>
    </jar>
  </target>

  <!-- ==================== Logic and Guessing ==================== -->

  <target name="checks" depends="set.available,check.jaxm,check.appname,check.servlet" />

  <target name="set.available" >
    <!-- Environement check -->
    <available property="jaxm.available" file="${jaxm.home}/lib/jaxm-api.jar" />
    <property name="src.base" location="../.." />
    <available property="appname.correct" file="../../${appname}/WEB-INF/build.xml" />
    <available property="servlet.available" file="${servlet.jar}" />
    <available property="src.available" file="src" />
  </target>
  
  <target name="check.jaxm" unless="jaxm.available" >
    <fail message="Jaxm not found at ${jaxm.home}/lib/jaxm-api.jar, make sure jaxm.home is set" />
  </target>

  <target name="check.servlet" unless="servlet.available" >
    <fail message="Servlet.jar not found at ${servlet.jar}, make sure servlet.jar is set" />
  </target>

  <target name="check.appname" unless="appname.correct" >
    <fail message="Appname not set, couldn't find ${appname} in ${src.base}" />
  </target>
  
  <target name="build.dir.webapps" if="webapps.dir" >
    <property name="build.dir" value="${webapps.dir}" />
  </target>

  <target name="build.dir.local" unless="webapps.dir" >
    <property name="build.dir" location="../.." />
  </target>

</project>
